요일,지점명,지점번호,방향,구분,0시,1시,2시,3시,4시,5시,6시,7시,8시,9시,10시,11시,12시,13시,14시,15시,16시,17시,18시,19시,20시,21시,22시,23시
토,성산로(금화터널),A-01,유입,봉원고가차도->독립문역,796,605,489,395,423,582,951,1174,1665,1903,2040,2207,2128,2140,2125,2096,2090,2036,2003,1631,1263,1160,915,835
일,성산로(금화터널),A-01,유입,봉원고가차도->독립문역,629,485,366,289,258,400,652,896,1238,1523,1731,1745,1863,1877,1856,1869,1874,1793,1701,1424,1228,1195,979,714
월,성산로(금화터널),A-01,유입,봉원고가차도->독립문역,431,297,216,211,328,775,1925,2900,2548,2304,2078,2036,1676,1852,1889,2024,1976,1919,2372,1712,1357,1383,1182,857
화,성산로(금화터널),A-01,유입,봉원고가차도->독립문역,576,420,283,278,348,737,1701,2832,2621,2396,2068,2205,1981,1961,2028,2144,2256,2318,2260,1972,1533,1556,1337,999
수,성산로(금화터널),A-01,유입,봉원고가차도->독립문역,710,539,370,278,365,728,1705,2746,2600,2406,2060,2162,1954,1877,2019,2132,2213,2391,2326,1955,1551,1542,1296,1020
목,성산로(금화터널),A-01,유입,봉원고가차도->독립문역,736,515,377,319,351,715,1634,2770,2661,2438,2099,2157,2080,1997,2071,2013,2183,2464,2353,1868,1550,1603,1413,1001
금,성산로(금화터널),A-01,유입,봉원고가차도->독립문역,775,515,383,298,366,749,1673,2745,2629,2212,2188,2202,1988,1980,2091,2213,2186,2391,2405,1952,1532,1531,1421,1173
토,성산로(금화터널),A-01,유입,봉원고가차도->독립문역,773,572,476,379,399,606,1023,1265,1754,2069,2016,2213,2161,2153,2045,2083,2135,2067,1943,1608,1289,1348,1286,923
일,성산로(금화터널),A-01,유입,봉원고가차도->독립문역,660,515,369,281,287,399,662,898,1238,1641,1862,1773,1737,1869,1748,1784,1661,1694,1532,1309,1290,1129,1047,690
월,성산로(금화터널),A-01,유입,봉원고가차도->독립문역,457,272,222,223,338,786,1925,2969,2667,2352,2004,2089,1811,1805,2057,2095,2145,2343,2221,1801,1388,1530,1311,827
화,성산로(금화터널),A-01,유입,봉원고가차도->독립문역,653,460,341,268,360,753,1673,2824,2638,2425,2281,2221,2010,2032,2052,2065,2215,2311,2385,1904,1459,1538,1318,959
수,성산로(금화터널),A-01,유입,봉원고가차도->독립문역,761,510,350,284,365,694,1674,2780,2576,2444,2220,2220,2048,2065,2012,2260,1898,2248,2244,1922,1467,1563,1304,1006
목,성산로(금화터널),A-01,유입,봉원고가차도->독립문역,705,515,385,303,386,802,1748,2755,2640,2413,2238,2293,1959,2060,2110,2223,2288,2372,2334,1954,1411,1626,1367,1071
금,성산로(금화터널),A-01,유입,봉원고가차도->독립문역,711,571,414,312,390,766,1705,2740,2641,2338,2313,2184,2071,2057,2077,2242,2040,2496,2320,1952,1583,1633,1423,1129
토,성산로(금화터널),A-01,유입,봉원고가차도->독립문역,756,587,449,384,416,596,1037,1213,1804,2031,2141,2154,2169,2046,1999,2094,2086,2076,1892,1612,1269,1290,1248,941
일,성산로(금화터널),A-01,유입,봉원고가차도->독립문역,632,467,335,277,297,403,649,940,940,1319,1854,1772,1697,1814,1663,1624,1759,1842,1683,1433,1206,1109,901,727
월,성산로(금화터널),A-01,유입,봉원고가차도->독립문역,411,278,223,234,353,777,1985,2900,2664,2216,2003,2089,1820,1939,1900,2111,2219,2415,2366,1861,1469,1523,1406,1058
화,성산로(금화터널),A-01,유입,봉원고가차도->독립문역,719,536,359,291,407,812,1820,2825,2652,2258,2273,2275,2193,2104,2046,1985,2220,2478,2412,1891,1563,1599,1487,1034
수,성산로(금화터널),A-01,유입,봉원고가차도->독립문역,695,601,374,287,395,720,1741,2776,2711,2540,2302,2279,2232,1926,2209,2271,1948,2490,2328,1963,1672,1579,1333,992
목,성산로(금화터널),A-01,유입,봉원고가차도->독립문역,702,594,425,333,390,748,1624,2706,2510,2408,2274,2252,2075,2096,2215,2346,2356,2442,2130,1794,1686,1772,1533,1024
금,성산로(금화터널),A-01,유입,봉원고가차도->독립문역,746,600,446,338,347,635,1544,1880,2617,2372,2206,2111,2037,2030,2124,2355,2335,2399,2201,1645,1372,1343,1403,1077
토,성산로(금화터널),A-01,유입,봉원고가차도->독립문역,750,589,446,360,327,503,829,998,1415,1605,1651,1843,1896,1903,1957,1879,1785,1859,1633,1320,1169,1129,1012,823
일,성산로(금화터널),A-01,유입,봉원고가차도->독립문역,530,424,300,235,261,362,506,676,970,1236,1645,1966,1822,1872,1639,1634,1445,1471,1208,996,911,819,694,469
월,성산로(금화터널),A-01,유입,봉원고가차도->독립문역,334,233,169,126,176,274,477,1207,1676,1158,1616,2150,2144,2136,2091,1909,1971,1877,1519,1057,1022,1042,815,536
화,성산로(금화터널),A-01,유입,봉원고가차도->독립문역,387,279,203,177,167,247,391,479,648,937,1126,1506,1621,1550,1539,1497,1318,1516,1402,1147,1094,1007,957,664
수,성산로(금화터널),A-01,유입,봉원고가차도->독립문역,484,338,275,221,243,313,460,578,845,1037,1311,1497,1649,1586,1588,1622,1523,1533,1412,1250,1069,1001,897,685
목,성산로(금화터널),A-01,유입,봉원고가차도->독립문역,430,340,216,195,295,726,1832,2850,2621,2054,1773,1831,1761,1792,1894,1886,1948,2152,2138,1619,1430,1475,1315,950
금,성산로(금화터널),A-01,유입,봉원고가차도->독립문역,653,491,383,237,350,673,1651,2833,2627,2229,2121,2116,1795,1774,2019,2027,1943,2151,2233,1867,1498,1450,1420,1036
토,성산로(금화터널),A-01,유입,봉원고가차도->독립문역,808,556,454,377,388,579,972,1127,1577,1925,1984,2004,2020,1976,1934,1790,1974,1924,1828,1572,1201,1256,1179,815
일,성산로(금화터널),A-01,유입,봉원고가차도->독립문역,616,484,357,276,288,399,645,877,1256,1490,1629,1629,1632,1675,1578,1639,1595,1631,1398,1247,1199,1126,905,654
토,성산로(금화터널),A-01,유출,독립문역->봉원고가차도,1086,726,638,515,474,478,695,911,1270,1547,1653,1620,1768,1756,1901,1833,1977,1938,1892,1641,1409,1174,936,980
일,성산로(금화터널),A-01,유출,독립문역->봉원고가차도,728,536,468,368,369,332,437,528,857,996,1319,1365,1673,1803,1816,2023,1990,1880,1748,1480,1353,1216,967,694
월,성산로(금화터널),A-01,유출,독립문역->봉원고가차도,504,328,268,203,286,456,944,1680,1747,1923,1617,1668,1476,1687,1757,1633,1695,1625,2161,2061,1897,1537,1274,935
화,성산로(금화터널),A-01,유출,독립문역->봉원고가차도,692,481,341,261,291,431,942,1657,1960,1943,1683,1672,1592,1634,1758,1779,1891,1962,2227,2318,1744,1778,1456,1145
수,성산로(금화터널),A-01,유출,독립문역->봉원고가차도,868,665,441,328,329,457,915,1719,1789,1920,1748,1695,1633,1740,1729,1645,1758,1988,2143,2146,1849,1759,1503,1129
목,성산로(금화터널),A-01,유출,독립문역->봉원고가차도,871,621,424,323,317,452,969,1651,1882,1923,1573,1659,1589,1740,1773,1781,1910,2098,2512,2223,1817,1723,1539,1132
금,성산로(금화터널),A-01,유출,독립문역->봉원고가차도,935,687,423,341,332,486,920,1635,1866,1835,1695,1633,1651,1747,1659,1920,1948,2272,2342,2417,1993,1807,1675,1288
토,성산로(금화터널),A-01,유출,독립문역->봉원고가차도,949,800,560,501,451,540,671,882,1396,1648,1635,1601,1713,1760,1761,1751,1648,1846,1959,1626,1606,1528,1281,1086
일,성산로(금화터널),A-01,유출,독립문역->봉원고가차도,807,567,435,379,326,350,439,569,802,1074,1451,1473,1633,1811,1911,2078,2000,1963,1710,1468,1370,1183,997,748
월,성산로(금화터널),A-01,유출,독립문역->봉원고가차도,494,421,264,218,278,477,932,1755,1871,1816,1676,1533,1590,1686,1755,1689,1944,1914,2228,2170,1678,1566,1355,916
화,성산로(금화터널),A-01,유출,독립문역->봉원고가차도,666,525,369,312,307,493,927,1712,1929,1988,1712,1644,1670,1758,1774,1771,1761,2147,2276,2070,1844,1668,1377,945
수,성산로(금화터널),A-01,유출,독립문역->봉원고가차도,712,549,432,326,313,504,916,1700,1944,1888,1674,1677,1668,1620,1799,1430,1688,2152,2210,2078,1803,1701,1563,966
목,성산로(금화터널),A-01,유출,독립문역->봉원고가차도,719,582,456,370,300,511,966,1667,1881,1849,1728,1656,1662,1786,1768,1718,1849,2064,2226,2083,1732,1804,1623,948
금,성산로(금화터널),A-01,유출,독립문역->봉원고가차도,730,601,441,374,349,513,903,1635,1851,1835,1673,1709,1660,1813,1743,1830,2045,2172,2222,2130,1973,1825,1666,1159
토,성산로(금화터널),A-01,유출,독립문역->봉원고가차도,833,650,530,436,402,460,693,843,1420,1671,1677,1536,1715,1797,1900,1861,1814,1966,1771,1476,1528,1387,1161,859
일,성산로(금화터널),A-01,유출,독립문역->봉원고가차도,633,474,384,318,266,382,388,462,798,1080,1209,1335,1484,1627,1747,1908,1963,1836,1402,1426,1268,1243,954,723
월,성산로(금화터널),A-01,유출,독립문역->봉원고가차도,487,323,247,210,288,474,963,1681,1856,1874,1839,1522,1662,1646,1579,1766,1901,2077,2329,2072,1719,1703,1400,1111
화,성산로(금화터널),A-01,유출,독립문역->봉원고가차도,846,629,417,296,344,557,967,1697,1925,1860,1716,1648,1582,1639,1808,1631,1854,1952,1959,2119,1971,1821,1548,1115
수,성산로(금화터널),A-01,유출,독립문역->봉원고가차도,895,656,443,365,345,522,927,1712,1821,1816,1790,1770,1645,1633,1759,1920,1855,2070,2247,2006,1887,1846,1573,1155
목,성산로(금화터널),A-01,유출,독립문역->봉원고가차도,789,680,419,372,362,498,947,1647,1869,1898,1713,1687,1597,1615,1869,2009,1938,2192,2327,2062,1841,1853,1536,1196
금,성산로(금화터널),A-01,유출,독립문역->봉원고가차도,921,731,517,382,339,476,894,1492,1752,1795,1673,1617,1627,1794,1793,1900,2211,2099,2300,2158,1736,1634,1471,1165
토,성산로(금화터널),A-01,유출,독립문역->봉원고가차도,947,742,581,491,346,450,590,758,1035,1381,1469,1624,1550,1679,1557,1689,1719,1652,1590,1384,1337,1339,1065,842
일,성산로(금화터널),A-01,유출,독립문역->봉원고가차도,696,503,395,294,299,313,373,463,651,867,1145,1304,1415,1611,1577,1460,1528,1397,1222,1097,1069,1069,809,519
월,성산로(금화터널),A-01,유출,독립문역->봉원고가차도,433,272,207,151,156,251,438,781,1017,951,1094,1568,1686,1757,1462,1499,1667,1742,1564,1156,1183,1186,880,585
화,성산로(금화터널),A-01,유출,독립문역->봉원고가차도,457,283,274,183,155,244,324,387,563,706,926,1271,1540,1457,1391,1471,1603,1555,1428,1247,1273,1170,957,780
수,성산로(금화터널),A-01,유출,독립문역->봉원고가차도,559,487,325,276,244,292,340,484,596,790,987,1206,1172,1462,1405,1432,1684,1416,1455,1307,1334,1204,872,686
목,성산로(금화터널),A-01,유출,독립문역->봉원고가차도,515,384,256,194,254,416,889,1675,1895,1749,1589,1609,1515,1717,1699,1735,1701,2069,1942,1932,1664,1501,1248,1095
금,성산로(금화터널),A-01,유출,독립문역->봉원고가차도,841,592,421,317,339,495,869,1694,1921,1847,1643,1597,1549,1737,1710,1776,1664,2083,2387,2186,1747,1732,1587,1185
토,성산로(금화터널),A-01,유출,독립문역->봉원고가차도,995,737,651,487,414,505,626,901,1298,1570,1549,1532,1606,1701,1659,1917,1944,1892,1819,1547,1530,1407,1245,949
일,성산로(금화터널),A-01,유출,독립문역->봉원고가차도,755,635,443,351,316,372,448,572,944,1059,1297,1296,1472,1678,1677,1886,1770,1799,1685,1408,1231,1156,814,677
목,사직로(사직터널),A-02,유입,독립문역->사직단,960,707,532,419,427,812,1959,3138,3261,2781,2491,2530,2324,2235,2249,2250,2321,2482,2341,1849,1692,1697,1508,1194
금,사직로(사직터널),A-02,유입,독립문역->사직단,974,721,511,398,417,865,1985,3054,3166,2592,2483,2566,2203,2222,2263,2381,2327,2468,2353,1991,1625,1649,1546,1365
토,사직로(사직터널),A-02,유입,독립문역->사직단,951,763,640,485,464,711,1166,1408,1936,2418,2456,2505,2402,2463,2408,2468,2545,1897,1968,1567,1348,1388,1319,1036
일,사직로(사직터널),A-02,유입,독립문역->사직단,729,582,461,352,329,436,748,1050,1508,1854,2145,2073,2009,1981,1943,1844,1731,1731,1521,1352,1292,1224,1082,822
월,사직로(사직터널),A-02,유입,독립문역->사직단,564,344,253,276,414,940,2241,3304,3264,2675,1855,2068,2015,2042,2131,2242,2215,2212,2098,1839,1514,1589,985,937
화,사직로(사직터널),A-02,유입,독립문역->사직단,843,618,435,350,447,902,1948,3161,3223,2714,2579,2586,2335,2253,2166,2259,2280,2145,2241,1932,1578,1573,1424,1130
수,사직로(사직터널),A-02,유입,독립문역->사직단,955,669,443,347,420,856,1974,3131,3196,2726,2542,2546,2292,2255,2262,2066,1323,2000,2244,1930,1583,1626,1397,1207
목,사직로(사직터널),A-02,유입,독립문역->사직단,886,698,536,383,456,922,2027,3163,3257,2704,2182,2357,2192,2329,2456,2296,2360,2343,2356,1974,1592,1683,1481,1265
금,사직로(사직터널),A-02,유입,독립문역->사직단,918,796,604,391,439,851,1908,3090,3202,2706,2663,2610,2362,2320,2318,2473,2217,2556,2452,1959,1710,1766,1524,1299
토,사직로(사직터널),A-02,유입,독립문역->사직단,946,832,635,542,473,713,1193,1436,2085,2324,2431,2386,2442,2311,2243,2353,2291,2007,1897,1587,1366,1305,1336,1063
일,사직로(사직터널),A-02,유입,독립문역->사직단,739,622,460,360,295,473,756,1090,1349,1733,2242,2218,2141,2042,1925,1930,1924,1948,1804,1490,1262,1210,967,811
월,사직로(사직터널),A-02,유입,독립문역->사직단,487,369,250,259,384,939,2231,3297,3231,2629,2345,2313,2057,2100,2027,2209,2282,2351,2320,1861,1627,1628,1473,1252
화,사직로(사직터널),A-02,유입,독립문역->사직단,910,730,497,480,473,949,2071,3212,3253,2744,2522,2608,2467,2336,2225,2180,2418,2570,2356,1827,1652,1601,1576,1280
수,사직로(사직터널),A-02,유입,독립문역->사직단,930,738,508,380,465,873,1968,3147,3286,2891,2584,2724,2636,2700,2349,2402,2125,2496,2269,1886,1686,1632,1396,1167
목,사직로(사직터널),A-02,유입,독립문역->사직단,893,750,539,412,486,862,1921,3053,3196,2740,2563,2558,2321,2284,2366,2484,2487,2534,1678,1672,1887,1780,1589,1241
금,사직로(사직터널),A-02,유입,독립문역->사직단,963,784,574,426,417,760,1810,2391,3239,2723,2456,2364,2237,2204,2284,2417,2404,2372,2076,1709,1542,1504,1485,1303
토,사직로(사직터널),A-02,유입,독립문역->사직단,958,780,577,475,417,614,954,1188,1487,1885,2040,2149,2184,2225,2225,2063,2014,2094,1790,1421,1226,1221,1132,908
일,사직로(사직터널),A-02,유입,독립문역->사직단,650,503,357,306,291,386,563,803,1241,1499,1867,2267,2050,2135,1890,1881,1694,1623,1333,1134,971,896,761,531
월,사직로(사직터널),A-02,유입,독립문역->사직단,384,267,194,157,187,316,526,1312,1720,1280,1894,2292,2060,1707,1508,1748,1946,1907,1577,1147,1092,1065,863,580
화,사직로(사직터널),A-02,유입,독립문역->사직단,407,296,210,214,193,296,404,544,791,1014,1339,1755,1852,1769,1761,1566,1472,1613,1489,1208,1197,1055,1002,720
수,사직로(사직터널),A-02,유입,독립문역->사직단,536,375,327,261,262,338,519,687,993,1257,1518,1700,1930,1831,1843,1763,1675,1629,1442,1233,1130,1023,918,739
목,사직로(사직터널),A-02,유입,독립문역->사직단,514,355,264,262,339,876,2078,3240,3130,2416,2076,2089,1935,2018,2017,2054,2008,2098,2157,1728,1551,1556,1431,1180
금,사직로(사직터널),A-02,유입,독립문역->사직단,849,676,489,352,407,814,1946,3163,3203,2515,2418,2307,2048,2035,2237,2104,1988,2190,2351,2151,1653,1635,1523,1242
토,사직로(사직터널),A-02,유입,독립문역->사직단,995,737,619,515,482,692,1119,1320,1853,2140,2254,2246,2232,2193,2168,1865,2070,2076,1867,1613,1322,1366,1241,974
일,사직로(사직터널),A-02,유입,독립문역->사직단,740,586,448,357,328,452,751,1034,1915,1919,1921,1962,2022,1943,1715,1725,1636,1620,1475,1310,1236,1209,953,764
목,사직로(사직터널),A-02,유출,사직단->독립문역,995,781,590,447,427,524,1033,1880,2021,2025,1774,1792,1742,1882,1892,1942,2132,2204,2250,1860,1932,1920,1765,1276
금,사직로(사직터널),A-02,유출,사직단->독립문역,1057,853,603,436,425,563,1003,1841,2042,2038,1851,1803,1752,1870,1891,2027,2240,2255,2421,2304,2070,1944,1868,1466
토,사직로(사직터널),A-02,유출,사직단->독립문역,1139,1009,748,655,576,597,685,927,1368,1748,1753,1725,1938,1899,1875,1873,1601,1811,1999,1796,1738,1700,1511,1243
일,사직로(사직터널),A-02,유출,사직단->독립문역,961,690,564,457,377,375,435,588,888,1173,1617,1510,1839,1914,1797,2097,1938,2258,1891,1637,1538,1344,1188,862
월,사직로(사직터널),A-02,유출,사직단->독립문역,643,466,349,285,343,526,1005,2009,2078,1919,1810,1598,1758,1788,1840,1915,2118,2098,2090,2169,1831,1851,1489,1003
화,사직로(사직터널),A-02,유출,사직단->독립문역,764,691,531,446,401,540,990,1944,2140,2152,1867,1762,1832,1870,1924,1909,1949,2308,2316,1993,1920,1897,1616,1157
수,사직로(사직터널),A-02,유출,사직단->독립문역,887,733,565,430,384,580,1016,1904,2123,2013,1838,1782,1824,1715,1962,1309,1791,2118,2016,2110,1912,1863,1821,1160
목,사직로(사직터널),A-02,유출,사직단->독립문역,903,789,611,484,402,567,1043,1912,2011,2065,1800,1616,1678,1872,1903,1929,2030,2243,2294,2044,1888,1980,1861,1135
금,사직로(사직터널),A-02,유출,사직단->독립문역,958,779,681,473,404,547,992,1869,1697,1929,1821,1852,1787,1882,1923,2034,2203,2264,2110,1928,1967,1988,1763,1364
토,사직로(사직터널),A-02,유출,사직단->독립문역,1054,901,721,586,514,582,728,899,1492,1729,1719,1610,1868,1881,2000,1937,1884,1877,2007,1615,1663,1580,1435,1093
일,사직로(사직터널),A-02,유출,사직단->독립문역,792,645,572,421,316,427,450,587,901,1253,1382,1488,1547,1648,1769,1693,1733,1806,1675,1597,1526,1434,1081,850
월,사직로(사직터널),A-02,유출,사직단->독립문역,585,425,289,268,324,511,1050,1913,2029,2093,1924,1646,1739,1745,1724,2039,2093,2136,2123,2097,1873,1947,1641,1224
화,사직로(사직터널),A-02,유출,사직단->독립문역,1011,801,538,508,439,638,1055,1891,2020,1946,1844,1810,1706,1810,2025,1826,2101,2123,1885,1659,1997,1961,1766,1282
수,사직로(사직터널),A-02,유출,사직단->독립문역,1024,831,568,469,461,570,1018,1986,2015,1928,1978,1976,1809,1890,1995,2024,1969,2173,1883,1627,1834,1969,1803,1290
목,사직로(사직터널),A-02,유출,사직단->독립문역,942,828,594,455,466,556,1024,1865,2046,2047,1931,1875,1801,1872,2015,2139,2184,2374,2141,1890,1973,2054,1765,1315
금,사직로(사직터널),A-02,유출,사직단->독립문역,1048,864,701,525,455,535,947,1706,1971,1999,1922,1785,1862,1893,2023,2100,2410,2229,1982,1969,1703,1772,1695,1332
토,사직로(사직터널),A-02,유출,사직단->독립문역,1184,900,779,638,461,523,657,820,1094,1379,1542,1645,1659,1720,1673,1787,1831,1726,1760,1506,1504,1468,1284,953
일,사직로(사직터널),A-02,유출,사직단->독립문역,809,618,530,368,333,352,397,456,747,989,1278,1375,1584,1694,1620,1579,1662,1480,1382,1232,1230,1168,901,606
월,사직로(사직터널),A-02,유출,사직단->독립문역,483,332,244,188,169,274,486,861,1261,1045,1112,1634,1832,1859,1659,1586,1792,1897,1777,1285,1328,1358,1000,696
화,사직로(사직터널),A-02,유출,사직단->독립문역,502,358,341,250,222,268,340,404,574,745,992,1287,1490,1477,1525,1580,1760,1728,1568,1381,1426,1374,1062,907
수,사직로(사직터널),A-02,유출,사직단->독립문역,681,550,443,372,299,306,334,505,674,903,1034,1208,1268,1474,1509,1541,1784,1581,1566,1452,1487,1334,1021,810
목,사직로(사직터널),A-02,유출,사직단->독립문역,623,434,306,270,299,453,983,1968,2073,1854,1716,1655,1602,1815,1801,1836,1814,2207,1830,1835,1769,1711,1534,1228
금,사직로(사직터널),A-02,유출,사직단->독립문역,1022,780,574,453,413,575,971,1874,2035,2007,1675,1731,1655,1814,1863,1906,1788,2145,2420,2000,1852,1890,1836,1344
토,사직로(사직터널),A-02,유출,사직단->독립문역,1139,963,834,618,496,597,671,921,1324,1631,1584,1638,1673,1809,1791,1888,2053,1948,2025,1707,1678,1622,1470,1120
일,사직로(사직터널),A-02,유출,사직단->독립문역,938,797,547,451,384,385,419,745,1154,1366,1564,1564,1704,1788,1919,2063,2025,1987,1790,1583,1423,1318,1001,781
토,자하문로(자하문터널),A-03,유입,석파정->청운초등학교,410,317,260,188,183,317,551,685,994,1190,1265,1255,1108,1195,1127,848,960,799,607,597,452,372,304,325
일,자하문로(자하문터널),A-03,유입,석파정->청운초등학교,256,232,185,129,101,158,311,462,714,818,879,784,675,732,707,740,625,593,536,528,507,399,337,246
월,자하문로(자하문터널),A-03,유입,석파정->청운초등학교,169,107,63,73,134,455,1410,1824,1629,1454,1157,965,757,859,797,754,741,680,628,573,464,517,455,348
화,자하문로(자하문터널),A-03,유입,석파정->청운초등학교,312,198,118,113,143,382,1151,1834,1704,1585,1221,1050,814,901,948,911,814,722,606,549,533,608,562,467
수,자하문로(자하문터널),A-03,유입,석파정->청운초등학교,363,285,157,110,149,353,1188,1813,1593,1510,1069,987,879,878,854,806,776,771,640,610,521,565,545,439
목,자하문로(자하문터널),A-03,유입,석파정->청운초등학교,364,332,198,114,151,390,1168,1786,1651,1535,1299,990,886,871,844,910,795,813,681,548,502,590,560,449
금,자하문로(자하문터널),A-03,유입,석파정->청운초등학교,350,288,199,119,143,383,1152,1773,1602,1493,1289,1014,846,900,920,944,801,751,692,599,550,523,512,430
토,자하문로(자하문터널),A-03,유입,석파정->청운초등학교,384,357,261,199,181,288,563,721,1107,1314,1347,1167,1112,994,936,871,871,722,667,531,508,462,412,344
일,자하문로(자하문터널),A-03,유입,석파정->청운초등학교,265,263,173,126,121,148,325,450,645,870,856,762,696,773,769,677,691,636,548,468,484,425,308,277
월,자하문로(자하문터널),A-03,유입,석파정->청운초등학교,190,132,99,97,150,429,1253,1745,1672,1434,1156,962,760,953,876,796,834,776,634,542,538,543,484,424
화,자하문로(자하문터널),A-03,유입,석파정->청운초등학교,357,261,148,99,142,373,1286,1839,1715,1588,1297,1048,818,892,902,915,793,785,662,549,568,598,546,435
수,자하문로(자하문터널),A-03,유입,석파정->청운초등학교,368,255,172,122,145,364,1281,1855,1712,1538,1320,1017,855,816,943,884,745,797,625,549,543,587,512,448
목,자하문로(자하문터널),A-03,유입,석파정->청운초등학교,371,291,182,129,160,413,1247,1839,1659,1478,1233,1136,753,862,915,904,833,770,660,595,545,601,504,491
금,자하문로(자하문터널),A-03,유입,석파정->청운초등학교,398,341,198,136,149,381,1148,1834,1703,1609,1281,1037,854,866,925,1026,898,815,710,614,578,617,545,425
토,자하문로(자하문터널),A-03,유입,석파정->청운초등학교,393,330,250,202,164,284,579,694,1102,1329,1244,1143,1048,1069,1093,915,913,825,654,580,497,437,445,346
일,자하문로(자하문터널),A-03,유입,석파정->청운초등학교,264,228,179,130,123,169,326,438,722,855,1029,822,641,772,679,669,673,585,544,523,534,466,292,232
월,자하문로(자하문터널),A-03,유입,석파정->청운초등학교,185,110,78,79,141,411,1431,1848,1678,1533,1325,994,801,870,841,877,860,787,687,548,526,551,560,463
화,자하문로(자하문터널),A-03,유입,석파정->청운초등학교,376,274,181,101,150,414,1263,1872,1711,1626,1409,1040,889,926,1039,922,847,763,665,544,620,589,543,472
수,자하문로(자하문터널),A-03,유입,석파정->청운초등학교,396,310,199,118,137,372,1264,1878,1741,1579,1331,1075,918,868,898,870,772,742,621,620,558,529,491,465
목,자하문로(자하문터널),A-03,유입,석파정->청운초등학교,383,281,203,140,151,380,1184,1692,1483,1411,1333,1122,986,938,957,870,821,889,676,599,559,602,557,445
금,자하문로(자하문터널),A-03,유입,석파정->청운초등학교,396,326,213,142,161,356,1105,1725,1585,1385,1348,1045,952,949,996,899,870,822,656,531,567,588,566,466
토,자하문로(자하문터널),A-03,유입,석파정->청운초등학교,364,279,254,183,143,263,438,540,862,907,935,891,907,799,851,837,827,755,626,549,458,437,351,307
일,자하문로(자하문터널),A-03,유입,석파정->청운초등학교,244,195,147,119,112,193,232,372,552,629,748,717,709,746,689,611,554,562,453,399,386,352,246,196
월,자하문로(자하문터널),A-03,유입,석파정->청운초등학교,131,83,87,59,59,115,232,474,519,477,664,1023,945,976,861,696,604,764,586,426,463,459,288,187
화,자하문로(자하문터널),A-03,유입,석파정->청운초등학교,136,102,82,67,71,108,173,243,318,399,529,612,654,606,699,612,633,742,527,454,386,370,318,250
수,자하문로(자하문터널),A-03,유입,석파정->청운초등학교,173,160,110,80,97,134,224,326,471,564,623,657,691,713,758,661,614,699,540,460,422,438,324,242
목,자하문로(자하문터널),A-03,유입,석파정->청운초등학교,214,135,92,77,129,398,1343,1872,1665,1408,1219,913,713,847,831,779,750,750,607,514,508,541,484,426
금,자하문로(자하문터널),A-03,유입,석파정->청운초등학교,325,276,160,115,152,345,1153,1812,1756,1428,1313,904,823,892,891,877,819,793,701,600,503,530,564,447
토,자하문로(자하문터널),A-03,유입,석파정->청운초등학교,348,346,267,169,179,273,512,613,981,1232,1237,1143,941,938,861,808,845,740,643,490,460,449,390,301
일,자하문로(자하문터널),A-03,유입,석파정->청운초등학교,222,269,157,133,116,142,325,446,687,758,804,739,659,724,659,609,587,585,505,472,483,362,299,228
토,자하문로(자하문터널),A-03,유출,청운초등학교->석파정,372,313,239,194,192,188,250,315,490,615,705,712,761,801,836,857,936,1032,1010,802,651,548,418,394
일,자하문로(자하문터널),A-03,유출,청운초등학교->석파정,301,214,169,118,103,112,153,223,327,435,485,514,618,670,768,797,940,831,814,665,637,544,497,263
월,자하문로(자하문터널),A-03,유출,청운초등학교->석파정,183,121,88,67,96,158,319,549,583,632,665,648,697,646,723,857,1127,1250,1359,1259,1069,918,691,405
화,자하문로(자하문터널),A-03,유출,청운초등학교->석파정,286,226,125,114,112,155,324,553,593,660,718,675,677,719,902,982,1119,1306,1322,1341,1036,899,843,472
수,자하문로(자하문터널),A-03,유출,청운초등학교->석파정,341,242,183,110,130,168,327,567,561,633,695,767,696,759,828,951,1148,1255,1424,1341,1051,947,859,502
목,자하문로(자하문터널),A-03,유출,청운초등학교->석파정,376,265,205,126,137,175,306,574,639,640,707,728,719,765,847,968,1189,1265,1320,1185,1118,963,887,515
금,자하문로(자하문터널),A-03,유출,청운초등학교->석파정,399,260,194,143,120,198,329,562,639,597,741,775,720,745,859,971,1144,1204,1372,1292,1056,940,888,615
토,자하문로(자하문터널),A-03,유출,청운초등학교->석파정,405,274,247,206,127,193,275,332,502,632,677,736,779,829,848,825,790,880,973,868,709,632,653,500
일,자하문로(자하문터널),A-03,유출,청운초등학교->석파정,290,219,167,113,97,112,151,230,298,462,500,602,613,693,733,814,879,850,792,660,625,543,445,330
월,자하문로(자하문터널),A-03,유출,청운초등학교->석파정,218,137,87,85,86,191,299,546,650,563,683,704,802,721,762,969,1111,1237,1300,1273,961,901,680,464
화,자하문로(자하문터널),A-03,유출,청운초등학교->석파정,344,243,143,120,120,154,342,564,690,660,772,691,761,765,879,844,1241,1323,1336,1246,1028,870,776,505
수,자하문로(자하문터널),A-03,유출,청운초등학교->석파정,393,233,172,120,116,181,318,568,652,638,747,745,697,750,791,687,386,1329,1309,1237,1034,937,778,491
목,자하문로(자하문터널),A-03,유출,청운초등학교->석파정,372,252,188,136,122,182,325,588,660,647,748,701,726,747,861,933,1130,1258,1310,1299,1017,963,835,553
금,자하문로(자하문터널),A-03,유출,청운초등학교->석파정,358,270,192,144,158,166,311,561,648,628,689,751,816,792,884,977,1234,1281,1438,1227,1063,1026,962,654
토,자하문로(자하문터널),A-03,유출,청운초등학교->석파정,398,282,239,193,159,195,236,324,520,719,726,727,782,779,814,888,858,982,971,815,713,673,600,410
일,자하문로(자하문터널),A-03,유출,청운초등학교->석파정,319,241,131,146,103,121,175,220,390,498,562,476,585,688,695,797,836,822,802,689,622,577,438,270
월,자하문로(자하문터널),A-03,유출,청운초등학교->석파정,206,135,94,77,90,168,309,568,664,611,735,675,690,686,791,950,1147,1301,1385,1336,1092,908,767,481
화,자하문로(자하문터널),A-03,유출,청운초등학교->석파정,371,231,165,139,108,154,309,525,649,646,768,773,781,824,946,1059,1161,1403,1343,1442,1064,1082,897,535
수,자하문로(자하문터널),A-03,유출,청운초등학교->석파정,396,278,173,136,118,166,309,551,645,651,791,798,824,850,1000,1100,1241,1344,1401,1497,1057,1030,913,551
목,자하문로(자하문터널),A-03,유출,청운초등학교->석파정,363,247,208,150,120,152,318,488,651,632,671,679,710,737,992,973,1224,1331,1350,1200,1262,1123,954,597
금,자하문로(자하문터널),A-03,유출,청운초등학교->석파정,405,301,230,170,126,155,313,451,600,624,711,761,849,883,1084,1264,1447,1526,1322,1336,1157,895,820,565
토,자하문로(자하문터널),A-03,유출,청운초등학교->석파정,423,303,233,181,152,163,231,307,424,597,672,713,746,763,743,783,818,848,845,689,585,584,479,359
일,자하문로(자하문터널),A-03,유출,청운초등학교->석파정,250,185,128,123,100,96,135,200,351,459,558,631,792,755,741,767,683,625,563,493,437,376,324,187
월,자하문로(자하문터널),A-03,유출,청운초등학교->석파정,148,102,65,53,48,84,206,446,613,611,493,737,679,726,624,793,807,741,658,494,487,477,354,237
화,자하문로(자하문터널),A-03,유출,청운초등학교->석파정,171,137,94,78,66,69,101,168,245,306,410,476,562,595,578,586,660,693,657,483,479,454,423,302
수,자하문로(자하문터널),A-03,유출,청운초등학교->석파정,229,173,136,109,103,83,135,203,266,380,403,463,512,546,565,642,660,711,637,569,510,531,411,282
목,자하문로(자하문터널),A-03,유출,청운초등학교->석파정,229,141,82,47,66,120,320,544,619,596,703,638,634,670,767,825,1049,1134,1328,1179,823,843,710,451
금,자하문로(자하문터널),A-03,유출,청운초등학교->석파정,339,225,137,116,121,163,306,593,644,630,664,715,704,687,680,737,1074,1105,1327,1200,867,899,765,550
토,자하문로(자하문터널),A-03,유출,청운초등학교->석파정,427,292,255,179,171,173,243,286,420,603,575,753,712,714,739,755,869,883,980,813,704,615,616,415
일,자하문로(자하문터널),A-03,유출,청운초등학교->석파정,288,196,138,135,94,124,145,242,324,440,444,462,531,594,669,774,805,776,785,636,558,534,371,289
토,대사관로(삼청터널),A-04,유입,삼청각->삼청공원입구,68,22,23,14,7,15,130,209,307,428,410,433,416,433,395,371,441,454,289,197,180,116,67,69
일,대사관로(삼청터널),A-04,유입,삼청각->삼청공원입구,48,27,15,5,23,25,73,115,201,262,311,287,314,309,332,303,248,269,210,198,167,129,83,45
월,대사관로(삼청터널),A-04,유입,삼청각->삼청공원입구,21,12,8,6,23,126,497,945,744,707,580,349,239,271,262,252,275,306,266,152,103,119,87,54
화,대사관로(삼청터널),A-04,유입,삼청각->삼청공원입구,27,14,10,6,28,108,403,912,795,728,502,310,268,308,305,301,327,314,287,187,124,195,121,68
수,대사관로(삼청터널),A-04,유입,삼청각->삼청공원입구,32,25,12,7,14,114,385,876,789,768,547,380,249,280,311,325,312,363,293,181,161,157,135,65
목,대사관로(삼청터널),A-04,유입,삼청각->삼청공원입구,44,15,11,7,22,89,395,852,785,695,497,392,290,257,285,297,279,309,295,177,165,139,104,62
금,대사관로(삼청터널),A-04,유입,삼청각->삼청공원입구,28,10,10,14,25,90,401,915,815,701,479,315,303,291,317,319,309,346,382,235,151,145,138,84
토,대사관로(삼청터널),A-04,유입,삼청각->삼청공원입구,36,36,15,15,21,54,133,224,343,450,480,459,409,389,367,337,444,505,328,226,271,166,106,86
일,대사관로(삼청터널),A-04,유입,삼청각->삼청공원입구,41,21,18,15,16,42,72,122,184,277,318,285,295,325,309,326,259,247,202,202,156,130,86,33
월,대사관로(삼청터널),A-04,유입,삼청각->삼청공원입구,28,13,8,16,35,120,526,980,739,740,497,354,273,268,276,288,320,323,303,173,134,160,96,67
화,대사관로(삼청터널),A-04,유입,삼청각->삼청공원입구,21,20,9,7,20,100,437,875,782,738,522,353,279,267,284,301,328,343,292,162,124,158,110,55
수,대사관로(삼청터널),A-04,유입,삼청각->삼청공원입구,32,27,12,8,22,101,454,894,790,756,481,392,272,292,273,290,359,350,355,170,127,151,99,64
목,대사관로(삼청터널),A-04,유입,삼청각->삼청공원입구,49,21,14,12,27,106,419,893,805,726,516,378,305,306,286,292,307,357,317,199,154,189,98,62
금,대사관로(삼청터널),A-04,유입,삼청각->삼청공원입구,36,22,13,13,27,99,373,900,786,717,442,359,263,308,284,303,312,339,328,178,171,176,128,78
토,대사관로(삼청터널),A-04,유입,삼청각->삼청공원입구,43,31,15,15,19,46,122,206,370,436,446,458,367,350,359,368,424,463,249,193,219,197,133,72
일,대사관로(삼청터널),A-04,유입,삼청각->삼청공원입구,46,20,17,10,13,44,80,124,194,293,313,291,248,312,306,300,255,231,188,163,185,129,70,40
월,대사관로(삼청터널),A-04,유입,삼청각->삼청공원입구,19,5,8,7,27,117,504,942,636,739,548,337,262,270,241,273,285,287,318,177,154,141,99,61
화,대사관로(삼청터널),A-04,유입,삼청각->삼청공원입구,26,20,8,15,28,99,426,906,690,779,549,406,271,304,297,280,334,346,373,195,152,155,99,71
수,대사관로(삼청터널),A-04,유입,삼청각->삼청공원입구,41,16,9,8,24,103,420,858,811,764,542,356,280,341,325,302,375,404,411,210,163,126,107,55
목,대사관로(삼청터널),A-04,유입,삼청각->삼청공원입구,41,21,10,8,22,111,390,878,770,807,651,466,392,360,357,331,353,302,344,196,142,153,127,60
금,대사관로(삼청터널),A-04,유입,삼청각->삼청공원입구,50,31,10,14,24,94,369,848,752,790,664,571,391,315,309,326,357,302,330,245,163,151,125,72
일,대사관로(삼청터널),A-04,유입,삼청각->삼청공원입구,33,14,8,12,20,23,59,102,174,214,275,251,264,285,266,257,263,233,232,169,150,127,90,39
월,대사관로(삼청터널),A-04,유입,삼청각->삼청공원입구,26,6,11,4,18,31,75,151,182,195,255,349,460,462,429,305,314,280,291,216,188,215,135,44
화,대사관로(삼청터널),A-04,유입,삼청각->삼청공원입구,28,15,5,4,7,27,48,90,108,171,226,295,327,360,415,363,338,305,174,221,192,182,124,51
수,대사관로(삼청터널),A-04,유입,삼청각->삼청공원입구,17,15,10,11,11,17,76,125,143,237,258,283,321,376,347,315,311,261,215,154,138,130,91,49
목,대사관로(삼청터널),A-04,유입,삼청각->삼청공원입구,21,20,8,9,25,94,449,899,736,588,444,313,258,274,279,292,267,301,264,151,122,116,98,67
금,대사관로(삼청터널),A-04,유입,삼청각->삼청공원입구,35,13,8,11,21,94,350,869,794,711,509,334,265,288,281,280,297,331,309,160,155,154,127,79
토,대사관로(삼청터널),A-04,유입,삼청각->삼청공원입구,53,33,19,14,18,55,131,176,307,424,442,376,378,331,389,313,321,371,312,190,188,173,119,79
일,대사관로(삼청터널),A-04,유입,삼청각->삼청공원입구,42,20,16,13,8,43,67,118,203,260,313,249,278,268,321,300,231,246,214,167,133,110,64,38
토,대사관로(삼청터널),A-04,유출,삼청공원입구->삼청각,110,49,41,31,24,31,64,109,155,236,214,298,336,423,417,460,486,566,576,460,311,191,126,118
일,대사관로(삼청터널),A-04,유출,삼청공원입구->삼청각,73,44,32,17,16,14,34,76,103,191,213,252,284,373,393,402,436,507,394,328,293,239,165,81
월,대사관로(삼청터널),A-04,유출,삼청공원입구->삼청각,41,27,19,13,14,33,81,165,242,201,231,249,273,256,307,364,480,666,608,599,559,350,248,112
화,대사관로(삼청터널),A-04,유출,삼청공원입구->삼청각,62,34,16,12,17,34,76,143,234,238,262,271,305,338,340,446,529,667,719,696,493,429,306,161
수,대사관로(삼청터널),A-04,유출,삼청공원입구->삼청각,73,62,22,20,13,29,81,157,224,229,234,287,279,309,350,404,512,689,730,693,520,410,305,168
목,대사관로(삼청터널),A-04,유출,삼청공원입구->삼청각,61,53,25,23,17,30,67,160,236,237,234,267,274,308,394,381,539,702,727,716,483,407,290,170
금,대사관로(삼청터널),A-04,유출,삼청공원입구->삼청각,89,42,27,14,13,30,87,166,211,231,253,285,342,329,348,440,525,734,526,658,519,419,343,194
토,대사관로(삼청터널),A-04,유출,삼청공원입구->삼청각,84,58,36,23,17,30,55,103,150,204,286,363,392,390,435,435,391,458,535,404,329,299,242,134
일,대사관로(삼청터널),A-04,유출,삼청공원입구->삼청각,71,37,25,15,10,30,33,84,118,197,219,247,274,312,407,389,473,466,256,307,313,234,175,82
월,대사관로(삼청터널),A-04,유출,삼청공원입구->삼청각,48,13,17,19,11,30,70,188,222,224,253,282,313,314,330,385,491,635,742,633,441,357,271,140
화,대사관로(삼청터널),A-04,유출,삼청공원입구->삼청각,59,36,28,14,11,26,79,155,239,238,268,275,287,347,334,406,508,657,723,717,488,343,292,146
수,대사관로(삼청터널),A-04,유출,삼청공원입구->삼청각,84,42,25,16,14,27,70,166,220,251,223,271,310,293,327,285,417,681,683,658,487,365,299,158
목,대사관로(삼청터널),A-04,유출,삼청공원입구->삼청각,85,54,29,14,12,38,70,170,246,261,249,276,286,294,356,394,509,683,694,588,473,415,312,155
금,대사관로(삼청터널),A-04,유출,삼청공원입구->삼청각,64,58,22,25,19,20,69,147,212,233,213,297,330,356,405,435,611,723,623,664,473,420,376,198
토,대사관로(삼청터널),A-04,유출,삼청공원입구->삼청각,104,67,43,23,27,31,59,78,155,238,262,288,309,372,423,452,441,485,519,383,332,261,175,85
일,대사관로(삼청터널),A-04,유출,삼청공원입구->삼청각,65,32,29,18,16,16,46,68,109,182,192,259,250,337,348,356,418,422,340,288,250,200,138,85
월,대사관로(삼청터널),A-04,유출,삼청공원입구->삼청각,47,22,11,17,11,32,63,165,199,248,213,267,274,301,238,435,504,668,779,672,488,421,282,155
화,대사관로(삼청터널),A-04,유출,삼청공원입구->삼청각,84,54,16,15,18,32,80,159,256,248,255,317,301,355,387,453,487,679,715,664,528,460,353,167
수,대사관로(삼청터널),A-04,유출,삼청공원입구->삼청각,85,51,33,23,12,28,72,160,232,221,286,316,334,354,354,404,579,732,652,634,617,417,347,162
목,대사관로(삼청터널),A-04,유출,삼청공원입구->삼청각,90,48,25,16,18,26,68,153,247,275,208,289,299,343,369,520,555,719,624,582,728,528,360,194
금,대사관로(삼청터널),A-04,유출,삼청공원입구->삼청각,97,63,36,22,17,33,71,142,217,237,274,357,375,382,402,599,710,632,380,557,458,415,274,165
토,대사관로(삼청터널),A-04,유출,삼청공원입구->삼청각,92,49,34,21,17,27,46,74,128,203,231,262,307,339,359,408,400,408,426,315,292,267,166,94
일,대사관로(삼청터널),A-04,유출,삼청공원입구->삼청각,62,30,23,11,12,23,32,54,104,145,208,297,304,326,352,321,391,371,330,237,229,213,119,74
월,대사관로(삼청터널),A-04,유출,삼청공원입구->삼청각,31,26,13,13,12,17,47,152,272,244,274,303,294,237,236,308,263,271,358,242,251,219,130,85
화,대사관로(삼청터널),A-04,유출,삼청공원입구->삼청각,49,32,19,8,8,13,20,46,84,121,133,193,247,269,285,285,323,408,366,293,272,225,151,87
수,대사관로(삼청터널),A-04,유출,삼청공원입구->삼청각,54,31,30,18,11,12,31,59,92,146,174,212,263,295,402,394,402,402,375,292,260,196,123,78
목,대사관로(삼청터널),A-04,유출,삼청공원입구->삼청각,53,44,10,12,10,30,63,148,217,229,231,266,247,327,336,354,447,599,744,665,414,325,235,136
금,대사관로(삼청터널),A-04,유출,삼청공원입구->삼청각,73,54,22,18,14,21,73,161,219,248,243,302,267,282,352,428,493,658,635,550,514,404,324,157
토,대사관로(삼청터널),A-04,유출,삼청공원입구->삼청각,89,59,41,38,23,30,43,70,145,234,245,356,317,354,360,370,419,518,544,386,327,285,168,98
일,대사관로(삼청터널),A-04,유출,삼청공원입구->삼청각,76,48,17,20,24,15,38,44,111,167,202,229,271,270,377,375,351,404,404,337,262,188,137,76
토,창경궁로(서울여자대학교),A-06,유입,성균관대입구->원남동사거리,766,688,575,485,525,683,1030,1130,1434,1545,1525,1525,1536,1467,1370,1333,1153,1164,1223,1003,959,878,782,833
일,창경궁로(서울여자대학교),A-06,유입,성균관대입구->원남동사거리,689,536,431,352,341,459,611,741,971,1281,1373,1296,1351,1390,1362,1355,1215,1146,1101,1009,1038,982,816,580
월,창경궁로(서울여자대학교),A-06,유입,성균관대입구->원남동사거리,419,288,224,239,474,871,1651,2390,2257,1837,1524,1219,1187,1296,1235,1063,995,979,878,735,862,917,921,685
화,창경궁로(서울여자대학교),A-06,유입,성균관대입구->원남동사거리,527,417,295,274,414,760,1516,2260,2361,1916,1433,1278,1236,1252,1221,1130,1059,1073,947,856,960,1104,1121,874
수,창경궁로(서울여자대학교),A-06,유입,성균관대입구->원남동사거리,645,541,379,295,461,819,1521,2241,2224,1882,1581,1400,1240,1212,1183,1143,1150,1066,873,847,998,1069,1099,799
일,창경궁로(서울여자대학교),A-06,유입,성균관대입구->원남동사거리,714,559,418,348,405,496,609,747,1063,1279,1415,1289,1425,1382,1420,1211,1173,1144,979,872,933,944,817,594
월,창경궁로(서울여자대학교),A-06,유입,성균관대입구->원남동사거리,448,371,230,265,495,909,1678,2382,2220,1899,1350,1301,1206,1272,1220,1095,1100,1060,929,767,920,1043,936,786
화,창경궁로(서울여자대학교),A-06,유입,성균관대입구->원남동사거리,649,508,333,290,436,804,1530,2288,2266,1845,1548,1369,1315,1319,1165,1131,1125,935,909,759,911,1085,982,814
수,창경궁로(서울여자대학교),A-06,유입,성균관대입구->원남동사거리,681,545,349,296,466,799,1564,2296,2194,1940,1477,1278,1246,1217,1133,1102,897,814,853,841,899,1111,1033,815
금,창경궁로(서울여자대학교),A-06,유입,성균관대입구->원남동사거리,738,631,439,348,500,799,1555,2288,2229,1907,1575,1425,1312,1265,1315,1195,1179,1062,964,894,1044,1142,1085,871
토,창경궁로(서울여자대학교),A-06,유입,성균관대입구->원남동사거리,733,697,522,480,522,717,1089,1225,1579,1537,1574,1440,1478,1396,1324,1271,1119,1012,1114,1018,1024,992,953,776
일,창경궁로(서울여자대학교),A-06,유입,성균관대입구->원남동사거리,615,544,422,388,389,500,695,759,1037,1288,1432,1292,1326,1339,1286,1167,1136,1091,984,966,970,900,799,587
월,창경궁로(서울여자대학교),A-06,유입,성균관대입구->원남동사거리,378,308,216,224,475,942,1694,2433,2300,1827,1536,1341,1209,1295,1226,1161,1142,1052,931,806,885,1014,990,763
화,창경궁로(서울여자대학교),A-06,유입,성균관대입구->원남동사거리,663,573,339,278,447,844,1525,2282,2333,1798,1471,1463,1222,1259,1186,1139,1148,1040,936,945,976,1111,1082,900
수,창경궁로(서울여자대학교),A-06,유입,성균관대입구->원남동사거리,704,553,370,330,444,807,1561,2264,2273,1973,1611,1410,1248,1312,1248,1118,1177,1058,923,900,1001,1110,1111,843
금,창경궁로(서울여자대학교),A-06,유입,성균관대입구->원남동사거리,623,557,343,361,447,769,1445,2142,2290,1855,1360,1340,1438,1352,1251,1247,1118,1002,842,790,879,1125,1159,924
토,창경궁로(서울여자대학교),A-06,유입,성균관대입구->원남동사거리,732,605,533,442,507,661,868,1024,1311,1350,1358,1323,1264,1307,1276,1250,1193,1158,1148,1035,944,1043,922,719
일,창경궁로(서울여자대학교),A-06,유입,성균관대입구->원남동사거리,587,461,353,343,392,484,538,623,823,1014,1235,1220,1284,1312,1209,1186,1123,1087,938,905,884,776,670,464
월,창경궁로(서울여자대학교),A-06,유입,성균관대입구->원남동사거리,355,280,210,177,253,384,563,870,989,931,1312,1569,1649,1556,1473,1333,1141,1259,1118,1013,1038,1015,855,553
화,창경궁로(서울여자대학교),A-06,유입,성균관대입구->원남동사거리,408,266,220,173,203,301,407,469,669,846,1121,1315,1356,1384,1298,1188,1201,1156,1041,941,908,923,783,641
수,창경궁로(서울여자대학교),A-06,유입,성균관대입구->원남동사거리,522,362,327,239,279,381,467,612,787,979,1118,1269,1350,1334,1263,1215,1228,1082,958,942,923,841,705,581
목,창경궁로(서울여자대학교),A-06,유입,성균관대입구->원남동사거리,459,297,215,257,471,835,1577,2399,2164,1853,1449,1330,1238,1206,1204,1097,1133,1060,954,832,911,1012,1005,806
토,창경궁로(서울여자대학교),A-06,유입,성균관대입구->원남동사거리,744,644,554,447,483,674,1009,1205,1493,1615,1587,1505,1436,1399,1348,1356,1229,1223,1084,987,974,1013,980,970
토,대학로(한국방송통신대학교),A-07,유입,혜화동로터리->이화사거리,545,401,383,303,262,375,402,477,567,598,651,651,726,673,699,675,638,584,564,523,531,502,416,448
일,대학로(한국방송통신대학교),A-07,유입,혜화동로터리->이화사거리,363,319,304,218,168,159,210,291,381,482,512,574,564,637,638,665,609,698,559,558,545,515,413,365
월,대학로(한국방송통신대학교),A-07,유입,혜화동로터리->이화사거리,279,215,145,138,136,297,518,878,902,786,682,814,753,716,800,735,709,549,464,429,415,466,440,405
화,대학로(한국방송통신대학교),A-07,유입,혜화동로터리->이화사거리,339,303,170,136,173,285,509,860,929,766,779,826,715,706,784,773,714,648,566,451,463,550,538,428
수,대학로(한국방송통신대학교),A-07,유입,혜화동로터리->이화사거리,402,311,238,186,181,272,496,827,864,766,700,778,698,754,731,739,711,576,506,500,509,594,552,451
목,대학로(한국방송통신대학교),A-07,유입,혜화동로터리->이화사거리,368,355,280,172,169,279,494,814,892,808,803,821,740,710,766,715,735,636,509,518,520,560,613,458
금,대학로(한국방송통신대학교),A-07,유입,혜화동로터리->이화사거리,403,331,278,192,154,295,474,821,874,814,785,774,724,699,764,715,729,644,513,496,467,584,605,490
토,대학로(한국방송통신대학교),A-07,유입,혜화동로터리->이화사거리,450,394,301,277,266,258,384,412,547,649,639,699,674,658,649,679,676,709,610,517,595,609,566,446
일,대학로(한국방송통신대학교),A-07,유입,혜화동로터리->이화사거리,403,383,282,227,192,169,230,271,382,415,475,594,598,641,707,700,650,643,551,483,538,500,432,391
월,대학로(한국방송통신대학교),A-07,유입,혜화동로터리->이화사거리,309,193,152,144,130,263,513,906,940,830,803,761,708,738,753,663,691,594,479,446,524,511,532,421
화,대학로(한국방송통신대학교),A-07,유입,혜화동로터리->이화사거리,362,308,242,157,145,279,505,890,864,836,738,780,669,771,724,743,728,678,518,516,479,552,548,524
수,대학로(한국방송통신대학교),A-07,유입,혜화동로터리->이화사거리,392,319,245,174,159,272,507,845,918,830,799,753,694,721,696,751,777,676,478,489,483,581,560,397
목,대학로(한국방송통신대학교),A-07,유입,혜화동로터리->이화사거리,391,324,257,190,189,308,494,776,940,836,806,864,673,720,724,751,733,620,534,500,528,529,631,484
금,대학로(한국방송통신대학교),A-07,유입,혜화동로터리->이화사거리,390,361,282,208,171,315,507,819,909,849,770,738,714,744,714,747,653,608,528,497,532,577,608,476
토,대학로(한국방송통신대학교),A-07,유입,혜화동로터리->이화사거리,425,404,313,252,231,279,337,455,599,629,685,662,680,733,669,712,640,651,575,558,566,639,592,460
일,대학로(한국방송통신대학교),A-07,유입,혜화동로터리->이화사거리,421,356,277,235,177,181,206,296,369,498,509,556,590,676,628,645,624,599,552,572,505,454,384,343
월,대학로(한국방송통신대학교),A-07,유입,혜화동로터리->이화사거리,271,219,144,120,179,277,500,914,902,842,744,757,712,729,668,732,717,579,535,451,494,492,508,399
화,대학로(한국방송통신대학교),A-07,유입,혜화동로터리->이화사거리,392,317,218,144,179,290,511,865,903,738,596,778,706,772,735,799,717,597,477,530,533,559,596,444
수,대학로(한국방송통신대학교),A-07,유입,혜화동로터리->이화사거리,391,318,248,198,173,256,502,827,898,688,689,735,802,744,742,697,713,670,562,481,459,535,571,411
목,대학로(한국방송통신대학교),A-07,유입,혜화동로터리->이화사거리,402,345,237,208,200,288,505,845,856,754,553,641,744,774,805,754,750,645,547,500,471,512,563,500
금,대학로(한국방송통신대학교),A-07,유입,혜화동로터리->이화사거리,425,363,292,214,180,257,458,808,882,677,491,572,776,732,706,648,725,574,509,502,478,522,648,480
토,대학로(한국방송통신대학교),A-07,유입,혜화동로터리->이화사거리,440,408,349,247,216,275,337,367,467,481,540,591,593,651,642,612,645,617,539,543,574,573,528,472
일,대학로(한국방송통신대학교),A-07,유입,혜화동로터리->이화사거리,401,293,254,208,154,172,195,218,310,377,413,455,444,515,553,521,487,466,437,423,463,410,358,273
월,대학로(한국방송통신대학교),A-07,유입,혜화동로터리->이화사거리,225,175,124,96,88,110,134,242,254,263,318,442,484,458,609,698,878,579,465,394,426,384,359,289
화,대학로(한국방송통신대학교),A-07,유입,혜화동로터리->이화사거리,230,163,129,111,95,113,139,160,193,249,331,389,483,533,610,626,705,612,561,494,520,542,430,341
수,대학로(한국방송통신대학교),A-07,유입,혜화동로터리->이화사거리,308,255,188,184,120,168,211,209,257,326,403,478,482,563,613,639,630,606,548,541,542,470,444,396
목,대학로(한국방송통신대학교),A-07,유입,혜화동로터리->이화사거리,323,265,187,141,157,270,506,874,927,661,568,735,751,739,774,744,723,624,551,524,509,563,611,468
금,대학로(한국방송통신대학교),A-07,유입,혜화동로터리->이화사거리,412,319,232,169,163,299,503,834,919,581,662,772,718,741,725,728,758,610,589,590,527,599,676,494
토,대학로(한국방송통신대학교),A-07,유입,혜화동로터리->이화사거리,417,364,311,309,262,314,370,410,501,540,587,498,511,520,494,465,484,438,444,452,505,621,602,498
일,대학로(한국방송통신대학교),A-07,유입,혜화동로터리->이화사거리,481,382,309,238,172,187,245,283,345,482,479,594,567,683,702,677,669,602,584,534,555,503,449,379
토,대학로(한국방송통신대학교),A-07,유출,이화사거리->혜화동로터리,759,530,475,441,426,419,639,783,1022,1177,1245,1317,1330,1463,1427,1482,1453,1510,1465,1186,1080,943,771,755
일,대학로(한국방송통신대학교),A-07,유출,이화사거리->혜화동로터리,599,476,414,350,231,257,364,458,645,909,1044,1156,1277,1381,1509,1509,1529,1440,1300,1130,1003,969,872,668
월,대학로(한국방송통신대학교),A-07,유출,이화사거리->혜화동로터리,536,370,280,207,239,359,711,1096,1177,1154,1181,1347,1356,1383,1488,1504,1417,1494,1532,1383,1207,1054,945,702
화,대학로(한국방송통신대학교),A-07,유출,이화사거리->혜화동로터리,558,502,346,319,293,361,700,1092,1255,1173,1328,1381,1333,1428,1417,1535,1465,1583,1704,1552,1277,1223,1088,853
수,대학로(한국방송통신대학교),A-07,유출,이화사거리->혜화동로터리,615,526,448,365,315,397,659,1011,1221,1273,1249,1306,1381,1381,1451,1471,1460,1640,1681,1504,1269,1185,1088,834
목,대학로(한국방송통신대학교),A-07,유출,이화사거리->혜화동로터리,636,517,469,396,306,391,652,1029,1190,1243,1258,1386,1307,1436,1505,1502,1540,1637,1727,1599,1302,1257,1083,820
금,대학로(한국방송통신대학교),A-07,유출,이화사거리->혜화동로터리,632,518,452,372,323,414,681,1019,1183,1300,1370,1420,1379,1412,1513,1583,1510,1638,1717,1594,1243,1299,1149,972
토,대학로(한국방송통신대학교),A-07,유출,이화사거리->혜화동로터리,741,553,452,453,382,392,585,767,1043,1240,1268,1364,1387,1538,1384,1556,1528,1540,1375,1336,1137,1145,1048,911
일,대학로(한국방송통신대학교),A-07,유출,이화사거리->혜화동로터리,653,499,406,372,272,283,348,486,660,850,1062,1196,1260,1444,1467,1469,1450,1449,1253,1008,1017,956,835,753
월,대학로(한국방송통신대학교),A-07,유출,이화사거리->혜화동로터리,544,365,251,229,234,352,700,1096,1195,1150,1290,1333,1231,1360,1385,1375,1452,1524,1657,1501,1265,1155,1044,744
화,대학로(한국방송통신대학교),A-07,유출,이화사거리->혜화동로터리,641,539,378,321,282,367,675,1067,1221,1268,1311,1314,1240,1518,1451,1429,1499,1589,1669,1169,1188,1138,1122,832
수,대학로(한국방송통신대학교),A-07,유출,이화사거리->혜화동로터리,591,493,480,343,304,382,649,1045,1227,1191,1297,1343,1290,1416,1425,1431,1490,1633,1679,1552,1330,1152,1042,839
목,대학로(한국방송통신대학교),A-07,유출,이화사거리->혜화동로터리,589,521,395,339,328,392,686,1049,1234,1240,1292,1298,1282,1406,1473,1494,1472,1600,1716,1584,1318,1213,1131,854
금,대학로(한국방송통신대학교),A-07,유출,이화사거리->혜화동로터리,601,522,451,361,353,398,644,974,1197,1231,1290,1367,1349,1414,1476,1478,1500,1536,1734,1644,1290,1261,1188,992
토,대학로(한국방송통신대학교),A-07,유출,이화사거리->혜화동로터리,739,538,472,431,347,401,553,715,1025,1227,1238,1322,1458,1544,1463,1438,1568,1625,1473,1235,1204,1057,1098,802
일,대학로(한국방송통신대학교),A-07,유출,이화사거리->혜화동로터리,629,472,425,331,289,282,354,528,717,880,1094,1063,1350,1503,1481,1418,1472,1488,1323,1154,936,962,803,679
월,대학로(한국방송통신대학교),A-07,유출,이화사거리->혜화동로터리,500,396,238,233,237,406,667,1136,1223,1211,1253,1350,1315,1468,1260,1561,1494,1640,1634,1347,1326,1167,1070,761
화,대학로(한국방송통신대학교),A-07,유출,이화사거리->혜화동로터리,628,491,408,301,283,387,707,1056,1169,1133,1311,1334,1329,1356,1452,1433,1501,1592,1678,1606,1361,1190,1181,770
수,대학로(한국방송통신대학교),A-07,유출,이화사거리->혜화동로터리,605,480,461,388,309,365,647,1012,1208,1127,1290,1310,1343,1479,1575,1386,1402,1653,1580,1323,1214,1212,1195,818
목,대학로(한국방송통신대학교),A-07,유출,이화사거리->혜화동로터리,609,476,425,355,348,422,677,1001,1175,1190,1189,1247,1345,1399,1477,1552,1497,1562,1565,1500,1341,1302,1139,907
금,대학로(한국방송통신대학교),A-07,유출,이화사거리->혜화동로터리,653,515,424,404,316,371,682,1031,1133,1088,1267,1354,1368,1518,1607,1604,1472,1363,1121,1192,1257,1115,1123,991
토,대학로(한국방송통신대학교),A-07,유출,이화사거리->혜화동로터리,788,618,521,406,336,390,492,644,846,1020,1158,1262,1284,1339,1442,1383,1361,1478,1380,1130,1044,1024,973,833
일,대학로(한국방송통신대학교),A-07,유출,이화사거리->혜화동로터리,619,509,422,307,228,254,351,451,563,792,1043,1042,1327,1392,1349,1307,1269,1136,1038,863,855,721,694,561
월,대학로(한국방송통신대학교),A-07,유출,이화사거리->혜화동로터리,406,356,261,176,153,198,322,686,921,809,829,1119,1127,1205,1334,1261,1284,1152,1056,862,821,822,740,617
화,대학로(한국방송통신대학교),A-07,유출,이화사거리->혜화동로터리,455,332,272,213,152,164,290,316,415,529,687,925,1116,1180,1216,1289,1352,1345,1179,1010,939,934,834,663
수,대학로(한국방송통신대학교),A-07,유출,이화사거리->혜화동로터리,543,420,325,288,210,242,326,396,480,633,804,984,1120,1208,1316,1379,1279,1295,1142,1066,1041,852,865,674
목,대학로(한국방송통신대학교),A-07,유출,이화사거리->혜화동로터리,507,383,303,222,251,347,686,1095,1254,1177,1218,1365,1224,1407,1383,1459,1496,1539,1631,1502,1147,1085,1058,746
금,대학로(한국방송통신대학교),A-07,유출,이화사거리->혜화동로터리,672,542,402,335,295,413,716,1120,1146,1198,1257,1254,1318,1408,1489,1618,1573,1508,1704,1400,1271,1276,1179,883
일,대학로(한국방송통신대학교),A-07,유출,이화사거리->혜화동로터리,658,571,471,376,280,281,446,558,586,905,1000,1089,1231,1409,1559,1433,1423,1401,1290,1072,970,932,861,712
토,종로(동묘앞역),A-08,유입,신설동역->동묘앞역,527,575,576,461,483,747,1073,1162,1226,1282,1213,1077,1142,1218,965,1013,1002,1045,1123,973,803,848,698,644
일,종로(동묘앞역),A-08,유입,신설동역->동묘앞역,470,546,464,416,377,509,642,735,925,1096,1210,1248,1118,1217,910,1075,1069,1053,1008,959,794,772,701,650
월,종로(동묘앞역),A-08,유입,신설동역->동묘앞역,492,343,298,255,384,751,1369,1305,1298,1314,1158,1092,1160,1087,1157,1180,1047,1072,976,802,846,884,890,662
화,종로(동묘앞역),A-08,유입,신설동역->동묘앞역,405,393,223,187,249,583,1271,1355,1345,1248,1248,1121,1201,1107,880,1065,1070,1096,1004,863,938,950,800,646
목,종로(동묘앞역),A-08,유입,신설동역->동묘앞역,671,572,467,326,507,766,1305,1406,1324,1221,1168,1153,1077,980,1092,1170,1240,1261,1196,1053,944,988,916,807
금,종로(동묘앞역),A-08,유입,신설동역->동묘앞역,593,601,460,390,494,714,1085,1452,1382,1330,1123,1222,1146,1091,1196,1066,1043,1001,1029,1023,1066,998,885,861
토,종로(동묘앞역),A-08,유입,신설동역->동묘앞역,609,649,512,470,602,787,1038,1216,1375,1491,1337,1330,1410,1275,1375,1240,1009,885,1205,1152,969,1078,935,798
일,종로(동묘앞역),A-08,유입,신설동역->동묘앞역,374,416,328,335,270,399,595,708,846,964,1265,1205,1296,1114,1068,1046,1163,1060,920,805,832,869,734,629
월,종로(동묘앞역),A-08,유입,신설동역->동묘앞역,597,394,308,274,428,811,1321,1361,1385,1331,1171,1128,1102,1128,1070,1079,943,1069,1035,830,956,1056,892,778
화,종로(동묘앞역),A-08,유입,신설동역->동묘앞역,680,546,457,348,484,805,1359,1393,1285,1312,1137,1231,1112,1122,1165,1111,1097,997,947,931,900,1013,940,847
수,종로(동묘앞역),A-08,유입,신설동역->동묘앞역,718,561,464,388,465,791,1331,1475,1459,1397,1297,1193,1217,1139,1050,1060,918,998,1054,872,954,1022,976,831
목,종로(동묘앞역),A-08,유입,신설동역->동묘앞역,622,558,449,368,506,780,1281,1367,1318,1309,1189,1091,952,864,1072,1091,1082,1065,941,907,912,969,894,786
금,종로(동묘앞역),A-08,유입,신설동역->동묘앞역,621,563,507,369,465,801,1302,1388,1364,1306,1253,1159,1232,1218,1180,1123,1183,1145,1065,1095,1116,1018,948,910
토,종로(동묘앞역),A-08,유입,신설동역->동묘앞역,699,609,546,507,482,770,1079,1040,1055,1337,1284,1250,1148,1237,1072,1185,1076,1027,1108,841,482,775,759,755
일,종로(동묘앞역),A-08,유입,신설동역->동묘앞역,554,252,500,391,369,479,660,810,960,1166,1208,1214,1238,1198,1133,1192,1112,1139,980,879,913,849,685,708
월,종로(동묘앞역),A-08,유입,신설동역->동묘앞역,430,361,289,262,388,813,1364,1350,1392,1175,1184,1149,1183,1085,1142,1141,1012,1028,1084,888,988,1009,925,815
화,종로(동묘앞역),A-08,유입,신설동역->동묘앞역,629,602,434,345,455,825,1301,1330,1438,1401,1267,1166,1150,1184,1184,1068,1086,1104,1039,993,940,1029,913,860
수,종로(동묘앞역),A-08,유입,신설동역->동묘앞역,705,604,481,392,463,784,1286,1435,1380,1284,1256,1081,1212,1191,1234,1120,1086,1102,1104,1002,991,964,832,667
목,종로(동묘앞역),A-08,유입,신설동역->동묘앞역,489,388,413,382,455,662,1266,1315,1291,1327,1207,1256,1282,1253,1183,1125,1059,1046,949,1045,1004,1010,973,859
금,종로(동묘앞역),A-08,유입,신설동역->동묘앞역,719,590,481,401,510,742,1133,1032,1226,1288,1232,1187,1258,1178,1247,1051,1069,1021,966,910,985,1098,1000,854
토,종로(동묘앞역),A-08,유입,신설동역->동묘앞역,775,644,591,527,509,737,924,833,984,1117,977,967,1147,1035,1113,962,922,982,930,1020,900,859,688,631
일,종로(동묘앞역),A-08,유입,신설동역->동묘앞역,455,250,229,218,237,272,418,533,723,771,1014,1000,1168,1068,1067,1021,1050,1000,883,790,756,646,504,490
화,종로(동묘앞역),A-08,유입,신설동역->동묘앞역,281,197,133,118,179,224,289,333,466,658,999,1229,1242,1149,1130,1053,1044,941,704,722,736,722,707,540
수,종로(동묘앞역),A-08,유입,신설동역->동묘앞역,405,455,387,296,283,354,354,390,613,704,915,1142,1165,1135,1110,912,800,832,712,702,686,733,635,593
토,종로(동묘앞역),A-08,유출,동묘앞역->신설동역,1065,878,803,720,757,811,917,1149,1271,1147,1076,1051,1352,1422,1458,1487,1565,1564,1576,1405,1286,1129,1037,930
일,종로(동묘앞역),A-08,유출,동묘앞역->신설동역,805,678,625,536,437,467,562,644,760,916,1052,1117,1170,1169,1230,1221,1416,1474,1484,1248,1357,1174,1092,922
월,종로(동묘앞역),A-08,유출,동묘앞역->신설동역,801,625,488,435,498,641,818,1010,1168,1220,1385,1359,1524,1485,1594,1521,1313,1463,1519,1462,1574,1407,1256,917
목,종로(동묘앞역),A-08,유출,동묘앞역->신설동역,912,821,754,665,634,814,900,1087,1232,1268,1403,1366,1400,1239,1581,1586,1582,1504,1615,1588,1648,1554,1399,1076
금,종로(동묘앞역),A-08,유출,동묘앞역->신설동역,979,823,768,664,675,717,927,1076,1229,1296,1431,1300,1482,1553,1614,1702,1687,1480,1554,1589,1667,1535,1439,1196
토,종로(동묘앞역),A-08,유출,동묘앞역->신설동역,996,816,756,794,764,844,924,1099,1306,1334,1316,1295,1328,1426,1403,1454,1474,1572,1601,1514,1381,1496,1255,1087
일,종로(동묘앞역),A-08,유출,동묘앞역->신설동역,850,733,638,566,453,489,577,699,816,890,1085,1099,1199,1135,1056,1281,1519,1541,1396,1265,1242,1208,1074,932
월,종로(동묘앞역),A-08,유출,동묘앞역->신설동역,805,630,461,390,494,645,781,1061,1113,1199,1358,1342,1537,1451,1557,1493,1625,1665,1521,1556,1537,1435,1337,1053
화,종로(동묘앞역),A-08,유출,동묘앞역->신설동역,971,790,655,565,582,771,869,1043,1298,1277,1316,1321,1485,1466,1572,1625,1625,1566,1275,1519,1493,1456,1341,1128
수,종로(동묘앞역),A-08,유출,동묘앞역->신설동역,999,832,699,618,618,749,870,1072,1245,1231,1290,1440,1513,1428,1596,1657,1600,1528,1579,1603,1581,1471,1366,1085
목,종로(동묘앞역),A-08,유출,동묘앞역->신설동역,928,833,713,625,662,752,922,1078,1254,1270,1374,1361,1393,1398,1569,1659,1663,1542,1486,1513,1485,1540,1390,1166
금,종로(동묘앞역),A-08,유출,동묘앞역->신설동역,975,853,779,676,657,802,889,1126,1298,1256,1387,1418,1467,1444,1580,1615,1644,1605,1610,1650,1579,1448,1441,1227
토,종로(동묘앞역),A-08,유출,동묘앞역->신설동역,972,838,809,692,706,802,893,1101,1127,1337,1327,1336,1373,1431,1455,1433,1543,1513,1567,1213,712,1232,1102,996
일,종로(동묘앞역),A-08,유출,동묘앞역->신설동역,787,326,654,555,439,503,558,726,853,974,1143,1145,1210,1229,1333,1388,1312,1469,1465,1368,1250,1275,1079,968
월,종로(동묘앞역),A-08,유출,동묘앞역->신설동역,718,581,468,425,501,691,836,1015,1245,1249,1314,1370,1525,1518,1374,1644,1665,1588,1632,1608,1579,1490,1363,1057
화,종로(동묘앞역),A-08,유출,동묘앞역->신설동역,961,860,755,582,671,819,956,1132,1281,1303,1304,1230,1467,1474,1642,1630,1646,1665,1460,1552,1474,1537,1460,1105
수,종로(동묘앞역),A-08,유출,동묘앞역->신설동역,1058,811,719,627,637,781,920,1033,1296,1224,1316,1352,1506,1464,1463,1711,1630,1502,1412,1465,1620,1587,1387,1059
목,종로(동묘앞역),A-08,유출,동묘앞역->신설동역,948,772,755,682,709,813,884,1050,1259,1229,1256,1279,1381,1481,1587,1565,1591,1194,1338,1544,1670,1626,1482,1211
금,종로(동묘앞역),A-08,유출,동묘앞역->신설동역,967,845,726,675,701,707,875,1026,1270,1205,1293,1018,1432,1484,1506,1497,1277,1413,1103,1341,1602,1546,1430,1182
토,종로(동묘앞역),A-08,유출,동묘앞역->신설동역,1141,992,826,794,664,708,892,1000,1225,1205,1348,1280,1341,1364,1426,1371,1520,1435,1341,1353,1200,1193,1247,1032
일,종로(동묘앞역),A-08,유출,동묘앞역->신설동역,844,750,650,480,424,425,556,576,818,926,1153,1280,1321,1377,1243,1259,1383,1287,1215,1109,1019,1024,917,738
화,종로(동묘앞역),A-08,유출,동묘앞역->신설동역,588,477,388,310,220,285,381,442,558,629,844,1018,994,851,814,722,718,738,767,1104,1156,1122,1057,786
수,종로(동묘앞역),A-08,유출,동묘앞역->신설동역,712,603,527,377,359,320,436,516,638,747,889,987,1180,1025,919,763,789,902,1274,1174,1163,1070,1020,876
토,동호로(장충체육관),A-10,유입,약수역->장충체육관,672,505,377,295,355,524,794,1027,1536,1950,1968,2200,2229,2185,2106,2003,1896,1873,1786,1648,1456,917,668,659
일,동호로(장충체육관),A-10,유입,약수역->장충체육관,571,365,289,212,191,285,462,647,974,1520,1614,1809,1895,2015,1845,1904,1809,1635,1656,1484,1230,1067,924,579
월,동호로(장충체육관),A-10,유입,약수역->장충체육관,458,299,237,209,275,562,1383,2534,2618,2331,2238,2353,2182,2259,2263,2117,1804,1700,1715,1448,1349,1047,815,617
화,동호로(장충체육관),A-10,유입,약수역->장충체육관,430,359,266,263,334,495,1327,2513,2661,2423,2311,2333,2164,2303,2129,2174,1974,1961,1777,1523,1443,1228,1028,730
수,동호로(장충체육관),A-10,유입,약수역->장충체육관,536,368,348,287,321,541,1284,2434,2619,2418,2342,2340,2152,2224,2251,2200,2009,1912,1847,1712,1435,1229,948,706
일,동호로(장충체육관),A-10,유입,약수역->장충체육관,568,381,288,202,214,219,461,591,927,1483,1682,2091,2005,1953,1898,1867,1909,1758,1653,1429,1231,1001,877,632
월,동호로(장충체육관),A-10,유입,약수역->장충체육관,449,318,215,175,265,555,1440,2558,2536,2339,2351,2351,2030,2140,2284,2101,1973,1933,1773,1532,1404,1126,922,696
화,동호로(장충체육관),A-10,유입,약수역->장충체육관,547,425,297,264,337,536,1351,2440,2603,2461,2384,2404,2189,2206,2146,2061,2047,2045,1937,1674,1474,1136,957,774
수,동호로(장충체육관),A-10,유입,약수역->장충체육관,523,395,329,307,319,501,1294,2417,2576,2462,2366,2360,2065,2175,2233,1989,1870,1821,1822,1647,1400,1181,941,730
금,동호로(장충체육관),A-10,유입,약수역->장충체육관,541,413,364,292,361,542,1199,2386,2580,2393,2379,2359,2176,2348,2214,2128,1957,2019,1752,1776,1656,1418,1139,944
토,동호로(장충체육관),A-10,유입,약수역->장충체육관,616,506,378,305,337,485,829,1070,1758,2124,2033,2250,2161,2098,2168,1970,1941,1898,1697,1733,1467,1132,980,650
일,동호로(장충체육관),A-10,유입,약수역->장충체육관,486,400,288,213,216,261,466,656,1057,1558,1792,1750,1710,1868,1717,1515,1538,1549,1594,1643,1429,1039,786,624
월,동호로(장충체육관),A-10,유입,약수역->장충체육관,410,283,223,214,280,562,1450,2592,2674,2303,2430,2375,2148,2289,2218,2188,2050,1880,1911,1726,1485,1155,1020,747
수,동호로(장충체육관),A-10,유입,약수역->장충체육관,521,415,362,316,349,543,1305,2418,2664,2409,2370,2305,2025,2263,2123,2019,1989,1857,1770,1633,1575,1284,1033,736
목,동호로(장충체육관),A-10,유입,약수역->장충체육관,537,375,325,310,366,478,1244,2337,2441,2354,2353,2241,2178,2229,2199,2086,1886,1907,1687,1564,1455,1239,1069,859
금,동호로(장충체육관),A-10,유입,약수역->장충체육관,573,433,327,292,291,482,1199,2285,2457,2236,2242,2100,2022,2172,2049,2028,1869,1802,1805,1401,1419,1215,1071,800
토,동호로(장충체육관),A-10,유입,약수역->장충체육관,645,458,353,312,306,412,731,863,1303,1650,1865,2005,2005,1973,1895,1929,1949,1867,1645,1409,1145,929,800,630
일,동호로(장충체육관),A-10,유입,약수역->장충체육관,477,371,274,208,201,247,411,482,794,1217,1398,1697,1577,1690,1597,1649,1472,1412,1201,1031,832,660,537,406
월,동호로(장충체육관),A-10,유입,약수역->장충체육관,282,198,125,108,123,191,305,592,867,861,1041,1644,1787,1826,1892,1559,1455,1599,1307,1149,888,855,709,400
화,동호로(장충체육관),A-10,유입,약수역->장충체육관,309,209,139,113,109,169,252,336,520,877,1121,1765,1863,1880,1826,1712,1596,1559,1436,1144,901,865,733,594
수,동호로(장충체육관),A-10,유입,약수역->장충체육관,394,286,207,171,157,178,299,478,717,1108,1308,1719,1719,1820,1646,1693,1612,1382,1315,1203,910,728,673,507
목,동호로(장충체육관),A-10,유입,약수역->장충체육관,368,279,195,161,250,498,1298,2462,2500,2270,2107,2176,1979,2137,2160,2093,1948,1939,1895,1577,1456,1049,950,730
토,동호로(장충체육관),A-10,유입,약수역->장충체육관,591,458,359,277,333,463,768,1003,1620,1951,1990,2197,2119,2066,2111,2020,1865,1891,1790,1625,1421,1133,890,800
토,동호로(장충체육관),A-10,유출,장충체육관->약수역,780,594,436,385,335,401,517,780,1046,1428,1589,1680,1991,2025,2160,2167,2098,2027,1965,1478,1279,970,696,691
일,동호로(장충체육관),A-10,유출,장충체육관->약수역,563,437,343,264,215,277,346,463,711,999,1214,1392,1520,1715,1879,1960,1997,1761,1371,1287,1202,1019,713,556
월,동호로(장충체육관),A-10,유출,장충체육관->약수역,481,327,246,188,236,363,625,1473,1654,1652,1874,2073,1965,2060,2091,2124,1916,1892,2037,1820,1695,1313,983,653
화,동호로(장충체육관),A-10,유출,장충체육관->약수역,549,357,311,259,246,364,664,1359,1672,1805,1960,2065,1958,2159,2255,2362,2311,1964,2291,2001,1751,1489,1233,775
수,동호로(장충체육관),A-10,유출,장충체육관->약수역,640,446,373,242,330,386,640,1334,1659,1799,1957,2041,1999,2110,2340,2231,2492,2136,2244,1954,1827,1545,1174,785
일,동호로(장충체육관),A-10,유출,장충체육관->약수역,619,429,381,231,218,237,303,488,711,943,1174,1428,1595,1774,1970,2118,2031,1886,1449,1332,1200,1008,734,654
월,동호로(장충체육관),A-10,유출,장충체육관->약수역,451,353,247,204,239,341,643,1431,1505,1746,1924,2126,1942,2147,2242,2198,2211,2049,2283,1821,1705,1461,1104,749
화,동호로(장충체육관),A-10,유출,장충체육관->약수역,551,415,349,256,275,372,629,1507,1524,1802,1920,2028,2018,2101,2295,2303,2340,2245,2350,1949,1726,1360,1278,855
수,동호로(장충체육관),A-10,유출,장충체육관->약수역,598,445,371,272,294,399,646,1385,1658,1960,2064,1937,1991,2065,2190,2195,2238,2298,2060,1912,1775,1638,1185,835
금,동호로(장충체육관),A-10,유출,장충체육관->약수역,628,502,369,339,339,419,645,1423,1634,1769,2187,2065,2001,2272,2315,2285,2263,2127,1704,2140,1931,1564,1444,920
토,동호로(장충체육관),A-10,유출,장충체육관->약수역,665,534,472,351,369,410,553,813,1168,1513,1735,1797,1908,2012,2125,2116,1943,1855,1889,1466,1346,1186,1037,822
일,동호로(장충체육관),A-10,유출,장충체육관->약수역,581,472,363,218,197,252,301,518,695,998,1139,1128,1420,1568,1692,1547,1793,1635,1434,1368,1412,994,730,581
월,동호로(장충체육관),A-10,유출,장충체육관->약수역,459,329,256,193,232,383,700,1550,1572,1835,1994,2173,1933,2143,2256,2247,2414,2345,2205,2101,2082,1598,1261,850
수,동호로(장충체육관),A-10,유출,장충체육관->약수역,642,474,400,300,289,396,676,1327,1590,1642,1984,2018,1902,2144,2219,2310,2194,2006,1856,1940,1925,1559,1196,800
목,동호로(장충체육관),A-10,유출,장충체육관->약수역,607,495,399,292,336,397,625,1462,1577,1649,1870,2037,1815,2289,2247,2051,2023,1659,1910,2025,1786,1651,1432,929
금,동호로(장충체육관),A-10,유출,장충체육관->약수역,660,480,363,336,307,359,603,1292,1487,1566,1772,1780,1789,2071,2192,2190,2067,1742,1816,1626,1573,1322,1173,907
토,동호로(장충체육관),A-10,유출,장충체육관->약수역,726,578,441,332,327,325,431,607,906,1218,1427,1544,1632,1778,1758,1680,1566,1670,1486,1380,1268,1140,1009,737
일,동호로(장충체육관),A-10,유출,장충체육관->약수역,537,362,279,249,223,237,273,353,534,741,933,1091,1217,1415,1254,1288,1269,1330,1169,998,944,829,660,425
월,동호로(장충체육관),A-10,유출,장충체육관->약수역,293,211,153,121,101,154,238,377,618,668,795,1156,1270,1263,1310,1482,1373,1306,1172,932,848,782,575,410
화,동호로(장충체육관),A-10,유출,장충체육관->약수역,294,206,131,124,103,129,192,249,405,571,759,931,1090,1337,1405,1435,1581,1461,1335,1180,1037,949,735,580
수,동호로(장충체육관),A-10,유출,장충체육관->약수역,452,325,252,187,147,176,224,330,502,732,892,1034,1241,1392,1315,1470,1479,1458,1308,1234,1120,947,703,595
목,동호로(장충체육관),A-10,유출,장충체육관->약수역,373,259,218,160,195,309,604,1430,1463,1741,1775,1835,1814,2017,2029,2113,2069,1974,2066,1937,1756,1333,1101,786
